<?xml version="1.0" encoding="UTF-8"?>
<plugin name="Group Color on User Link" version_long="10009" version_human="9.0.0" author="All Astronauts" website="https://all-astronauts.com" update_check=""><hooks><hook type="S" class="\IPS\Theme\class_core_front_statuses" filename="statusContainerHook"><![CDATA[//<?php

/* To prevent PHP errors (extending class does not exist) revealing path */
if ( !defined( '\IPS\SUITE_UNIQUE_KEY' ) )
{
	exit;
}

class hook1174 extends _HOOK_CLASS_
{

/* !Hook Data - DO NOT REMOVE */
public static function hookData() {
 return array_merge_recursive( array (
  'statusContainer' => 
  array (
    0 => 
    array (
      'selector' => 'li.ipsStreamItem.ipsStreamItem_contentBlock.ipsAreaBackground_reset.ipsPad[data-role=\'activityItem\'] > div.ipsStreamItem_container > div.ipsStreamItem_header.ipsPhotoPanel.ipsPhotoPanel_mini',
      'type' => 'replace',
      'content' => '<div class=\'ipsStreamItem_header ipsPhotoPanel ipsPhotoPanel_mini\'>
			<span class=\'ipsStreamItem_contentType\' data-ipsTooltip title=\'{lang="status_update"}\'><i class=\'fa fa-user\'></i></span>
			{{if $authorData}}
				{template="userPhotoFromData" group="global" app="core" params="$authorData[\'member_id\'], $authorData[\'name\'], $authorData[\'members_seo_name\'], \IPS\Member::photoUrl( $authorData ), ( $condensed ? \'tiny\' : \'mini\' )"}
			{{else}}
				{template="userPhoto" group="global" app="core" params="$status->author(), ( $condensed ? \'tiny\' : \'mini\' )"}
			{{endif}}
			<div>
				<h2 class=\'ipsType_reset ipsStreamItem_title {{if $condensed}}ipsStreamItem_titleSmall{{endif}} ipsType_break\'>
					{{if $status->member_id != $status->author()->member_id}}
						<ul class=\'ipsList_inline ipsList_noSpacing\'>
							<li>
								<strong>
									{{if $authorData}}
										{template="userLinkFromData" group="global" app="core" params="$authorData[\'member_id\'], $authorData[\'name\'], $authorData[\'members_seo_name\'], $authorData[\'member_group_id\']"}
									{{else}}
										{template="userLink" app="core" group="global" location="front" params="$status->author()"}
									{{endif}}
								</strong>
							</li>
							<li>
								 <i class=\'fa fa-angle-right\'></i> 
							</li>
							<li>
								<strong>
									{{if $profileOwnerData}}
										{template="userLinkFromData" group="global" app="core" params="$profileOwnerData[\'member_id\'], $profileOwnerData[\'name\'], $profileOwnerData[\'members_seo_name\'], $profileOwnerData[\'member_group_id\']"}
									{{else}}
										{member="link()" id="$status->member_id" raw="true"}
									{{endif}}
								</strong>
							</li>
						</ul>
					{{else}}
						<strong>
							{{if $authorData}}
								{template="userLinkFromData" group="global" app="core" params="$authorData[\'member_id\'], $authorData[\'name\'], $authorData[\'members_seo_name\'], $authorData[\'member_group_id\']"}
							{{else}}
								{template="userLink" app="core" group="global" location="front" params="$status->author()"}
							{{endif}}
						</strong>
					{{endif}}
					{{if $status->hidden()}}
						<span class="ipsBadge ipsBadge_icon ipsBadge_warning" data-ipsTooltip title=\'{lang="hidden"}\'><i class=\'fa fa-eye-slash\'></i></span>
					{{endif}}
				</h2>
				{{if $condensed}}
					<ul class=\'ipsList_inline ipsStreamItem_stats ipsType_light\'>
						<li>
							<a href=\'{$status->url()}\' class=\'ipsType_blendLinks\'><i class=\'fa fa-clock-o\'></i> {datetime="$status->date"}</a>
						</li>
					</ul>
					<p class="ipsStreamItem_status ipsType_reset">
						{{if $status->member_id == $status->author()->member_id}}
							{{if $authorData}}
								{lang="member_posted_status_self" htmlsprintf="$authorData[\'formattedname\']"}
							{{else}}
								{lang="member_posted_status_self" sprintf="$status->author()->name"}
							{{endif}}
						{{else}}
							{{if $authorData}}
								{lang="member_posted_status_other" htmlsprintf="$authorData[\'formattedname\'], $profileOwnerData[\'name\']"}
							{{else}}
								{lang="member_posted_status_other" sprintf="$status->author()->name, \IPS\Member::load( $status->member_id )->name"}
							{{endif}}
						{{endif}}
					</p>
				{{endif}}
			</div>
		</div>',
    ),
  ),
), parent::hookData() );
}
/* End Hook Data */


}
]]></hook><hook type="S" class="\IPS\Theme\class_core_front_statuses" filename="statusReplyHook"><![CDATA[//<?php

/* To prevent PHP errors (extending class does not exist) revealing path */
if ( !defined( '\IPS\SUITE_UNIQUE_KEY' ) )
{
	exit;
}

class hook1175 extends _HOOK_CLASS_
{

/* !Hook Data - DO NOT REMOVE */
public static function hookData() {
 return array_merge_recursive( array (
  'statusReply' => 
  array (
    0 => 
    array (
      'selector' => 'div.ipsComment_content.ipsFaded_withHover[data-controller=\'core.front.core.comment\'] > p.ipsComment_author.ipsType_normal[itemprop=\'creator\'][itemtype=\'http://schema.org/Person\'] > strong',
      'type' => 'replace',
      'content' => '<strong>{template="userLink" app="core" group="global" location="front" params="$comment->author(), NULL, $comment->author()->member_group_id"}</strong>',
    ),
  ),
), parent::hookData() );
}
/* End Hook Data */


}
]]></hook><hook type="C" class="\IPS\Content\Search\Results" filename="searchAndStreams"><![CDATA[//<?php

/* To prevent PHP errors (extending class does not exist) revealing path */
if ( !defined( '\IPS\SUITE_UNIQUE_KEY' ) )
{
	exit;
}

class hook1176 extends _HOOK_CLASS_
{


	/**
	 * Init
	 *
	 * @return	void
	 */
	public function init()
	{
		try
		{
			try
			{
				try
				{
							call_user_func_array( 'parent::init', func_get_args() );
			      
			      	$mgroups = array();
					$count = 0;
					foreach ( \IPS\Db::i()->select( '*', 'core_groups' ) as $mgroup ) {
						$mgroups[$count]["g_id"] = $mgroup["g_id"];
						$mgroups[$count]["prefix"] = $mgroup["prefix"];
						$mgroups[$count]["suffix"]= $mgroup["suffix"];
						$count++;
					}
			      
			        foreach ($this->authorData as $k => $v) {	
			          foreach ($mgroups as $m) {
			            if ($this->authorData[$k]['member_group_id'] == $m['g_id']) {
			              if (isset ($m['prefix']) && ($m['suffix'])) {
			                $this->authorData[$k]['formattedname'] = $m['prefix'] . $this->authorData[$k]['name'] . $m['suffix'];
			              }
		                  else {
		                 	 $this->authorData[$k]['formattedname'] = $this->authorData[$k]['name'];
		                  }
		                    
			            }   
			          }		    
					}    
				}
				catch ( \RuntimeException $e )
				{
					if ( method_exists( get_parent_class(), __FUNCTION__ ) )
					{
						return call_user_func_array( 'parent::' . __FUNCTION__, func_get_args() );
					}
					else
					{
						throw $e;
					}
				}
			}
			catch ( \RuntimeException $e )
			{
				if ( method_exists( get_parent_class(), __FUNCTION__ ) )
				{
					return call_user_func_array( 'parent::' . __FUNCTION__, func_get_args() );
				}
				else
				{
					throw $e;
				}
			}
		}
		catch ( \RuntimeException $e )
		{
			if ( method_exists( get_parent_class(), __FUNCTION__ ) )
			{
				return call_user_func_array( 'parent::' . __FUNCTION__, func_get_args() );
			}
			else
			{
				throw $e;
			}
		}
	}

}
]]></hook><hook type="C" class="\IPS\Member" filename="e3665b8e208e0e18747b41721146b256"><![CDATA[//<?php

class hook1177 extends _HOOK_CLASS_
{
	public function link( $warningRef=NULL, $groupFormatting=FALSE )
    {
	try
	{
		try
		{
			try
			{
					try
					{
						return parent::link( $warningRef, TRUE );
					}
					catch ( \RuntimeException $e )
					{
						if ( method_exists( get_parent_class(), __FUNCTION__ ) )
						{
							return call_user_func_array( 'parent::' . __FUNCTION__, func_get_args() );
						}
						else
						{
							throw $e;
						}
					}
			}
			catch ( \RuntimeException $e )
			{
				if ( method_exists( get_parent_class(), __FUNCTION__ ) )
				{
					return call_user_func_array( 'parent::' . __FUNCTION__, func_get_args() );
				}
				else
				{
					throw $e;
				}
			}
		}
		catch ( \RuntimeException $e )
		{
			if ( method_exists( get_parent_class(), __FUNCTION__ ) )
			{
				return call_user_func_array( 'parent::' . __FUNCTION__, func_get_args() );
			}
			else
			{
				throw $e;
			}
		}
	}
	catch ( \RuntimeException $e )
	{
		if ( method_exists( get_parent_class(), __FUNCTION__ ) )
		{
			return call_user_func_array( 'parent::' . __FUNCTION__, func_get_args() );
		}
		else
		{
			throw $e;
		}
	}
    }
}]]></hook><hook type="S" class="\IPS\Theme\class_core_front_system" filename="coreSearchResult"><![CDATA[//<?php

/* To prevent PHP errors (extending class does not exist) revealing path */
if ( !defined( '\IPS\SUITE_UNIQUE_KEY' ) )
{
	exit;
}

class hook1178 extends _HOOK_CLASS_
{

/* !Hook Data - DO NOT REMOVE */
public static function hookData() {
 return array_merge_recursive( array (
  'searchResult' => 
  array (
    0 => 
    array (
      'selector' => 'li[data-role=\'activityItem\']',
      'type' => 'replace',
      'content' => '<li class=\'ipsStreamItem ipsStreamItem_contentBlock ipsStreamItem_{$view} ipsAreaBackground_reset ipsPad {{if isset( $indexData[\'index_class\']::$searchResultClassName )}}{$indexData[\'index_class\']::$searchResultClassName}{{endif}} {{if $indexData[\'index_hidden\']}}ipsModerated{{endif}}\' data-role=\'activityItem\' data-timestamp=\'{$indexData[\'index_date_created\']}\'>
	<div class=\'ipsStreamItem_container ipsClearfix\'>
		{{if in_array( \'IPS\Content\Comment\', class_parents( $indexData[\'index_class\'] ) )}}
			{{$itemClass = $indexData[\'index_class\']::$itemClass;}}
			<div class=\'ipsStreamItem_header ipsPhotoPanel ipsPhotoPanel_mini\'>
				{{if $indexData[\'index_title\']}}
					<span class=\'ipsStreamItem_contentType\' data-ipsTooltip title=\'{lang="$itemClass::$title"}\'><i class=\'fa fa-{$itemClass::$icon}\'></i></span>
				{{else}}				
					<span class=\'ipsStreamItem_contentType\' data-ipsTooltip title=\'{lang="$indexData[\'index_class\']::$title"}\'><i class=\'fa fa-{$indexData[\'index_class\']::$icon}\'></i></span>
				{{endif}}
				{template="userPhotoFromData" group="global" app="core" params="$authorData[\'member_id\'], $authorData[\'name\'], $authorData[\'members_seo_name\'], \IPS\Member::photoUrl( $authorData ), ( $view !== \'condensed\' ) ? \'mini\' : \'tiny\'"}			
				<div class=\'{{if $unread}}ipsStreamItem_unread{{endif}}\'>
					{{if $view == \'condensed\' && $snippet}}
						<div class=\'ipsPhotoPanel ipsPhotoPanel_small\'>
							{$snippet|raw}
							<div>
					{{endif}}
					<h2 class=\'ipsType_reset ipsStreamItem_title ipsContained_container {{if !$indexData[\'index_title\'] or $view == \'condensed\'}}ipsStreamItem_titleSmall{{endif}}\'>
						{{if $unread}}
							<span>
								<a href=\'{$objectUrl->stripQueryString( array( \'comment\' => \'comment\', \'review\' => \'review\' ) )->setQueryString( \'do\', \'getNewComment\' )}\' data-linkType="star" {{if $iPostedIn}}data-iPostedIn{{endif}} title=\'{lang="first_unread_post"}\' data-ipsTooltip>
									<span class=\'ipsItemStatus\'><i class="fa fa-{{if $iPostedIn}}star{{else}}circle{{endif}}"></i></span>
								</a>
							</span>
						{{elseif $iPostedIn}}
							<span><span class=\'ipsItemStatus ipsItemStatus_read ipsItemStatus_posted\'><i class="fa fa-star"></i></span></span>
						{{endif}}
						{{if isset( $indexData[\'index_prefix\'] )}}
								<span>{template="prefix" group="global" app="core" params="rawurlencode($indexData[\'index_prefix\']), $indexData[\'index_prefix\']"}</span>
						{{endif}}
						<span class=\'ipsType_break ipsContained\'>
							<a href=\'{$objectUrl}\' data-linkType="link" data-searchable>{$itemData[ $itemClass::$databasePrefix . $itemClass::$databaseColumnMap[\'title\'] ]}</a>
						</span>
						{{if $indexData[\'index_hidden\']}}
								{{if $indexData[\'index_hidden\'] === -1}}
								<span><span class="ipsBadge ipsBadge_icon ipsBadge_small ipsBadge_warning" data-ipsTooltip title=\'{lang="hidden"}\'><i class=\'fa fa-eye-slash\'></i></span></span>
								{{elseif $indexData[\'index_hidden\'] === 1}}
								<span><span class="ipsBadge ipsBadge_icon ipsBadge_small ipsBadge_warning" data-ipsTooltip title=\'{lang="pending_approval"}\'><i class=\'fa fa-warning\'></i></span></span>
								{{endif}}
						{{endif}}
					</h2>
					{{if $view != \'condensed\'}}
						<p class=\'ipsType_reset ipsStreamItem_status ipsType_blendLinks\'>
							{{if in_array( \'IPS\Content\Review\', class_parents( $indexData[\'index_class\'] ) )}}							
								{{if isset( $itemData[\'author\'] )}}
									{lang="user_other_activity_review" htmlsprintf="$authorData[\'formattedname\'], $itemData[\'author\'][\'formattedname\'], $articles[\'definite\']"} <a href=\'{$containerUrl}\'>{$containerTitle|raw}</a>
								{{else}}
									{lang="user_own_activity_review" htmlsprintf="$authorData[\'formattedname\'], $articles[\'indefinite\']"} <a href=\'{$containerUrl}\'>{$containerTitle|raw}</a>
								{{endif}}										
							{{else}}
								{{if $itemClass::$firstCommentRequired}}
									{{if $indexData[\'index_title\']}}
										{lang="user_own_activity_item" htmlsprintf="$authorData[\'formattedname\'], $articles[\'indefinite\']"} <a href=\'{$containerUrl}\'>{$containerTitle|raw}</a>
									{{else}}
										{{if isset( $itemData[\'author\'] )}}
											{lang="user_other_activity_reply" htmlsprintf="$authorData[\'formattedname\'], $itemData[\'author\'][\'formattedname\'], $articles[\'definite\']"} <a href=\'{$containerUrl}\'>{$containerTitle|raw}</a>
										{{else}}
											{lang="user_own_activity_reply" htmlsprintf="$authorData[\'formattedname\'], $articles[\'indefinite\']"} <a href=\'{$containerUrl}\'>{$containerTitle|raw}</a>
										{{endif}}
									{{endif}}
								{{else}}
									{{if isset( $itemData[\'author\'] )}}
										{lang="user_other_activity_comment" htmlsprintf="$authorData[\'formattedname\'], $itemData[\'author\'][\'formattedname\'], $articles[\'definite\']"} <a href=\'{$containerUrl}\'>{$containerTitle|raw}</a>
									{{else}}
										{lang="user_own_activity_comment" htmlsprintf="$authorData[\'formattedname\'], $articles[\'indefinite\']"} <a href=\'{$containerUrl}\'>{$containerTitle|raw}</a>
									{{endif}}
								{{endif}}
							{{endif}}							
						</p>
					{{else}}
						<ul class=\'ipsList_inline ipsStreamItem_stats ipsType_light ipsType_blendLinks\'>
							<li>
								<a href=\'{{if $indexData[\'index_title\']}}{$objectUrl}{{else}}{{if in_array( \'IPS\Content\Review\', class_parents( $indexData[\'index_class\'] ) )}}{$objectUrl->setQueryString( array( \'do\' => \'findReview\', \'review\' => $indexData[\'index_object_id\'] ) )}{{else}}{$objectUrl->setQueryString( array( \'do\' => \'findComment\', \'comment\' => $indexData[\'index_object_id\'] ) )}{{endif}}{{endif}}\' class=\'ipsType_blendLinks\'><i class=\'fa fa-clock-o\'></i> {datetime="$indexData[\'index_date_created\']"}</a>
							</li>
							{{if isset( $itemClass::$databaseColumnMap[\'num_comments\'] ) and isset( $itemData[ $itemClass::$databasePrefix . $itemClass::$databaseColumnMap[\'num_comments\'] ] ) and $itemData[ $itemClass::$databasePrefix . $itemClass::$databaseColumnMap[\'num_comments\'] ] > ( $itemClass::$firstCommentRequired ? 1 : 0 )}}
								<li>
									<a href=\'{{if $indexData[\'index_title\']}}{$objectUrl}{{else}}{{if in_array( \'IPS\Content\Review\', class_parents( $indexData[\'index_class\'] ) )}}{$objectUrl->setQueryString( array( \'do\' => \'findReview\', \'review\' => $indexData[\'index_object_id\'] ) )}{{else}}{$objectUrl->setQueryString( array( \'do\' => \'findComment\', \'comment\' => $indexData[\'index_object_id\'] ) )}{{endif}}{{endif}}\' class=\'ipsType_blendLinks\'>
										{{if $itemClass::$firstCommentRequired}}
											<i class=\'fa fa-comment\'></i> {expression="$itemData[ $itemClass::$databasePrefix . $itemClass::$databaseColumnMap[\'num_comments\'] ]-1"}
										{{else}}
											<i class=\'fa fa-comment\'></i> {expression="$itemData[ $itemClass::$databasePrefix . $itemClass::$databaseColumnMap[\'num_comments\'] ]"}
										{{endif}}
									</a>
								</li>
							{{endif}}
							{{if isset( $itemClass::$databaseColumnMap[\'num_reviews\'] ) and isset( $itemData[ $itemClass::$databasePrefix . $itemClass::$databaseColumnMap[\'num_reviews\'] ] ) and $itemData[ $itemClass::$databasePrefix . $itemClass::$databaseColumnMap[\'num_reviews\'] ]}}
								<li>
									<a href=\'{$itemUrl}#reviews\' class=\'ipsType_blendLinks\'><i class=\'fa fa-star-half-o\'></i> {$itemData[ $itemClass::$databasePrefix . $itemClass::$databaseColumnMap[\'num_reviews\'] ]}</a>
								</li>
							{{endif}}
						</ul>

						<p class=\'ipsStreamItem_status ipsType_reset ipsType_blendLinks\'>
							{{if in_array( \'IPS\Content\Review\', class_parents( $indexData[\'index_class\'] ) )}}
								{{if isset( $itemData[\'author\'] )}}
									{lang="user_other_activity_review" htmlsprintf="$authorData[\'formattedname\'], $itemData[\'author\'][\'formattedname\'], $articles[\'definite\']"} <a href=\'{$containerUrl}\'>{$containerTitle|raw}</a>
								{{else}}
									{lang="user_own_activity_review" htmlsprintf="$authorData[\'formattedname\'], $articles[\'indefinite\']"} <a href=\'{$containerUrl}\'>{$containerTitle|raw}</a>
								{{endif}}
							{{else}}
								{{if $itemClass::$firstCommentRequired}}
									{{if $indexData[\'index_title\']}}
										{lang="user_own_activity_item" htmlsprintf="$authorData[\'formattedname\'], $articles[\'indefinite\']"} <a href=\'{$containerUrl}\'>{$containerTitle|raw}</a>
									{{else}}
										{{if isset( $itemData[\'author\'] )}}
											{lang="user_other_activity_reply" htmlsprintf="$authorData[\'formattedname\'], $itemData[\'author\'][\'formattedname\'], $articles[\'definite\']"} <a href=\'{$containerUrl}\'>{$containerTitle|raw}</a>
										{{else}}
											{lang="user_own_activity_reply" htmlsprintf="$authorData[\'formattedname\'], $articles[\'indefinite\']"} <a href=\'{$containerUrl}\'>{$containerTitle|raw}</a>
										{{endif}}
									{{endif}}
								{{else}}
									{{if isset( $itemData[\'author\'] )}}
										{lang="user_other_activity_comment" htmlsprintf="$authorData[\'formattedname\'], $itemData[\'author\'][\'formattedname\'], $articles[\'definite\']"} <a href=\'{$containerUrl}\'>{$containerTitle|raw}</a>
									{{else}}
										{lang="user_own_activity_comment" htmlsprintf="$authorData[\'formattedname\'], $articles[\'indefinite\']"} <a href=\'{$containerUrl}\'>{$containerTitle|raw}</a>
									{{endif}}
								{{endif}}
							{{endif}}
						</p>
					{{endif}}
					{{if isset( $indexData[\'index_tags\'] ) and $view == \'condensed\'}}
						<span>{template="tags" group="global" app="core" params="explode( \',\', $indexData[\'index_tags\'] ), true, true"}</span>
					{{endif}}
						
					{{if $view == \'condensed\' && $snippet}}
							</div>
						</div>
					{{endif}}
				</div>
			</div>
			{{if $view !== \'condensed\'}}
				<div class=\'ipsStreamItem_snippet ipsType_break\'>
					{{if $canIgnoreComments and isset( $itemData[\'author\'] ) and \IPS\Member::loggedIn()->member_id and isset( $authorData[\'member_id\'] ) and isset ( $authorData[\'member_group_id\'] ) and \IPS\Member::loggedIn()->isIgnoring( $authorData, \'topics\' )}}
					<div class=\'ipsComment_ignored ipsType_light\' id=\'elIgnoreComment_{$indexData[\'index_object_id\']}\' data-ignoreCommentID=\'elComment_{$indexData[\'index_object_id\']}\' data-ignoreUserID=\'{$authorData[\'member_id\']}\'>
						{lang="ignoring_content" htmlsprintf="$authorData[\'formattedname\']"} <a href=\'#elIgnoreComment_{$indexData[\'index_object_id\']}_menu\' data-ipsMenu data-ipsMenu-menuID=\'elIgnoreComment_{$indexData[\'index_object_id\']}_menu\' data-ipsMenu-appendTo=\'#elIgnoreComment_{$indexData[\'index_object_id\']}\' data-action="ignoreOptions" title=\'{lang="see_post_ignore_options"}\' class=\'ipsType_blendLinks\'>{lang="options"} <i class=\'fa fa-caret-down\'></i></a>
						<ul class=\'ipsMenu ipsHide\' id=\'elIgnoreComment_{$indexData[\'index_object_id\']}_menu\'>
							<li class=\'ipsMenu_item ipsJS_show\' data-ipsMenuValue=\'showPost\'><a href=\'#\'>{lang="show_this_post"}</a></li>
							<li class=\'ipsMenu_sep ipsJS_show\'><hr></li>
							<li class=\'ipsMenu_item\' data-ipsMenuValue=\'stopIgnoring\'><a href=\'{url="app=core&module=system&controller=ignore&do=remove&id={$authorData[\'member_id\']}" seoTemplate="ignore"}\'>{lang="stop_ignoring_posts_by" htmlsprintf="$authorData[\'formattedname\']"}</a></li>
							<li class=\'ipsMenu_item\'><a href=\'{url="app=core&module=system&controller=ignore" seoTemplate="ignore"}\'>{lang="change_ignore_preferences"}</a></li>
						</ul>
					</div>
					<div id=\'elComment_{$indexData[\'index_object_id\']}\' class="ipsHide">
						{$snippet|raw}
					</div>
					{{else}}
					 	{$snippet|raw}
					{{endif}}
				</div>
				<ul class=\'ipsList_inline ipsStreamItem_meta\'>
					<li class=\'ipsType_light ipsType_medium\'>
						<a href=\'{{if $indexData[\'index_title\']}}{$objectUrl}{{else}}{{if in_array( \'IPS\Content\Review\', class_parents( $indexData[\'index_class\'] ) )}}{$objectUrl->setQueryString( array( \'do\' => \'findReview\', \'review\' => $indexData[\'index_object_id\'] ) )}{{else}}{$objectUrl->setQueryString( array( \'do\' => \'findComment\', \'comment\' => $indexData[\'index_object_id\'] ) )}{{endif}}{{endif}}\' class=\'ipsType_blendLinks\'><i class=\'fa fa-clock-o\'></i> {datetime="$indexData[\'index_date_created\']"}</a>
					</li>
					{{if isset( $itemClass::$databaseColumnMap[\'num_comments\'] ) and isset( $itemData[ $itemClass::$databasePrefix . $itemClass::$databaseColumnMap[\'num_comments\'] ] ) and $itemData[ $itemClass::$databasePrefix . $itemClass::$databaseColumnMap[\'num_comments\'] ] > ( $itemClass::$firstCommentRequired ? 1 : 0 )}}
						<li class=\'ipsType_light ipsType_medium\'>
							<a href=\'{{if $indexData[\'index_title\']}}{$objectUrl}{{else}}{{if in_array( \'IPS\Content\Review\', class_parents( $indexData[\'index_class\'] ) )}}{$objectUrl->setQueryString( array( \'do\' => \'findReview\', \'review\' => $indexData[\'index_object_id\'] ) )}{{else}}{$objectUrl->setQueryString( array( \'do\' => \'findComment\', \'comment\' => $indexData[\'index_object_id\'] ) )}{{endif}}{{endif}}\' class=\'ipsType_blendLinks\'>
								{{if $itemClass::$firstCommentRequired}}
									<i class=\'fa fa-comment\'></i> {lang="num_replies" pluralize="$itemData[ $itemClass::$databasePrefix . $itemClass::$databaseColumnMap[\'num_comments\'] ] - 1"}
								{{else}}
									<i class=\'fa fa-comment\'></i> {lang="num_comments" pluralize="$itemData[ $itemClass::$databasePrefix . $itemClass::$databaseColumnMap[\'num_comments\'] ]"}
								{{endif}}
							</a>
						</li>
					{{endif}}
					{{if \IPS\IPS::classUsesTrait( $indexData[\'index_class\'], \'IPS\Content\Reactable\' ) and settings.reputation_enabled && count( $reactions )}}
						<li>{template="searchReaction" group="search" app="core" params="$reactions, $itemUrl->setQueryString(\'do\', \'showReactionsComment\')->setQueryString(\'comment\', $indexData[\'index_object_id\']), $repCount"}</li>
					{{endif}}
					{{if isset( $indexData[\'index_tags\'] )}}
						<li>{template="tags" group="global" app="core" params="explode( \',\', $indexData[\'index_tags\'] ), true, true"}</li>
					{{endif}}
				</ul>
			{{endif}}
		{{else}}
			<div class=\'ipsStreamItem_header ipsPhotoPanel ipsPhotoPanel_mini\'>
				<span class=\'ipsStreamItem_contentType\' data-ipsTooltip title=\'{lang="$indexData[\'index_class\']::$title" ucfirst="true"}\'><i class=\'fa fa-{$indexData[\'index_class\']::$icon}\'></i></span>
				{template="userPhotoFromData" group="global" app="core" params="$authorData[\'member_id\'], $authorData[\'name\'], $authorData[\'members_seo_name\'], \IPS\Member::photoUrl( $authorData ), ( $view !== \'condensed\' ) ? \'mini\' : \'tiny\'"}
				<div class=\'{{if $unread}}ipsStreamItem_unread{{endif}}\'>
					{{if $view == \'condensed\' && $snippet}}
						<div class=\'ipsPhotoPanel ipsPhotoPanel_small\'>
							{$snippet|raw}
							<div>
					{{endif}}
					<h2 class=\'ipsType_reset ipsContained_container ipsStreamItem_title ipsType_break {{if $view == \'condensed\'}}ipsStreamItem_titleSmall{{endif}}\'>
						{{if $unread}}
							<span><a href=\'{$objectUrl->setQueryString( \'do\', \'getNewComment\' )}\' title=\'{lang="first_unread_post"}\' data-linkType="star" {{if $iPostedIn}}data-iPostedIn{{endif}} data-ipsTooltip>
								<span class=\'ipsItemStatus\'><i class="fa fa-{{if $iPostedIn}}star{{else}}circle{{endif}}"></i></span>
							</a></span>
						{{elseif $iPostedIn}}
							<span class=\'ipsItemStatus ipsItemStatus_read ipsItemStatus_posted\'><i class="fa fa-star"></i></span>
						{{endif}}
						{{if isset( $indexData[\'index_prefix\'] )}}
							<span>{template="prefix" group="global" app="core" params="rawurlencode($indexData[\'index_prefix\']), $indexData[\'index_prefix\']"}</span>
						{{endif}}
						<span class=\'ipsContained ipsType_break\'><a href=\'{$itemUrl}\' data-linkType="link" data-searchable>{$indexData[\'index_title\']}</a></span>
						{{if $indexData[\'index_hidden\']}}
							<span><span class="ipsBadge ipsBadge_icon ipsBadge_warning ipsBadge_small" data-ipsTooltip title=\'{lang="hidden"}\'><i class=\'fa fa-eye-slash\'></i></span></span>
						{{endif}}	
						{{if isset( $indexData[\'index_tags\'] ) and $view == \'condensed\'}}
							{template="tags" group="global" app="core" params="explode( \',\', $indexData[\'index_tags\'] ), true, true"}
						{{endif}}
					</h2>
					{{if $view != \'condensed\'}}
						<p class=\'ipsType_reset ipsStreamItem_status ipsType_blendLinks\'>{lang="user_own_activity_item" htmlsprintf="$authorData[\'formattedname\'], $articles[\'indefinite\']"} <a href=\'{$containerUrl}\'>{$containerTitle|raw}</a></p>
					{{else}}
						<ul class=\'ipsList_inline ipsStreamItem_stats ipsType_light ipsType_blendLinks\'>
							<li>
								<a href=\'{$objectUrl}\' class=\'ipsType_blendLinks\'><i class=\'fa fa-clock-o\'></i> {datetime="$indexData[\'index_date_created\']"}</a>
							</li>
							{{if isset( $indexData[\'index_class\']::$databaseColumnMap[\'num_comments\'] ) and isset( $itemData[ $indexData[\'index_class\']::$databasePrefix . $indexData[\'index_class\']::$databaseColumnMap[\'num_comments\'] ] ) and $itemData[ $indexData[\'index_class\']::$databasePrefix . $indexData[\'index_class\']::$databaseColumnMap[\'num_comments\'] ] > ( $indexData[\'index_class\']::$firstCommentRequired ? 1 : 0 )}}
								<li>
									<a href=\'{{if $indexData[\'index_title\']}}{$objectUrl}{{else}}{{if in_array( \'IPS\Content\Review\', class_parents( $indexData[\'index_class\'] ) )}}{$objectUrl->setQueryString( array( \'do\' => \'findReview\', \'review\' => $indexData[\'index_object_id\'] ) )}{{else}}{$objectUrl->setQueryString( array( \'do\' => \'findComment\', \'comment\' => $indexData[\'index_object_id\'] ) )}{{endif}}{{endif}}\' class=\'ipsType_blendLinks\'>
										{{if $indexData[\'index_class\']::$firstCommentRequired}}
											<i class=\'fa fa-comment\'></i> {expression="$itemData[ $indexData[\'index_class\']::$databasePrefix . $indexData[\'index_class\']::$databaseColumnMap[\'num_comments\'] ] - 1"}
										{{else}}
											<i class=\'fa fa-comment\'></i> {expression="$itemData[ $indexData[\'index_class\']::$databasePrefix . $indexData[\'index_class\']::$databaseColumnMap[\'num_comments\'] ]"}
										{{endif}}
									</a>
								</li>
							{{endif}}
							{{if isset( $indexData[\'index_class\']::$databaseColumnMap[\'num_reviews\'] ) and isset( $itemData[ $indexData[\'index_class\']::$databasePrefix . $indexData[\'index_class\']::$databaseColumnMap[\'num_reviews\'] ] ) and $itemData[ $indexData[\'index_class\']::$databasePrefix . $indexData[\'index_class\']::$databaseColumnMap[\'num_reviews\'] ]}}
								<li>
									<a href=\'{$itemUrl}#reviews\' class=\'ipsType_blendLinks\'><i class=\'fa fa-star-half-o\'></i> {expression="$itemData[ $indexData[\'index_class\']::$databasePrefix . $indexData[\'index_class\']::$databaseColumnMap[\'num_reviews\'] ]"}</a>
								</li>
							{{endif}}
						</ul>
						<p class=\'ipsStreamItem_status ipsType_reset ipsType_blendLinks\'>
							{lang="user_own_activity_item" htmlsprintf="$authorData[\'formattedname\'], $articles[\'indefinite\']"} <a href=\'{$containerUrl}\'>{$containerTitle|raw}</a>
						</p>
					{{endif}}
					
					{{if $view == \'condensed\' && $snippet}}
							</div>
						</div>
					{{endif}}
				</div>
			</div>
			{{if $view !== \'condensed\'}}
				<div class=\'ipsStreamItem_snippet ipsType_break\'>
					{$snippet|raw}
				</div>
				<ul class=\'ipsList_inline ipsStreamItem_meta\'>
					<li class=\'ipsType_light ipsType_medium\'>
						<a href=\'{$objectUrl}\' class=\'ipsType_blendLinks\'><i class=\'fa fa-clock-o\'></i> {datetime="$indexData[\'index_date_created\']"}</a>
					</li>
					{{if isset( $indexData[\'index_class\']::$databaseColumnMap[\'num_comments\'] ) and isset( $itemData[ $indexData[\'index_class\']::$databasePrefix . $indexData[\'index_class\']::$databaseColumnMap[\'num_comments\'] ] ) and $itemData[ $indexData[\'index_class\']::$databasePrefix . $indexData[\'index_class\']::$databaseColumnMap[\'num_comments\'] ] > ( $indexData[\'index_class\']::$firstCommentRequired ? 1 : 0 )}}
						<li class=\'ipsType_light ipsType_medium\'>
							<a href=\'{{if $indexData[\'index_title\']}}{$objectUrl}{{else}}{{if in_array( \'IPS\Content\Review\', class_parents( $indexData[\'index_class\'] ) )}}{$objectUrl->setQueryString( array( \'do\' => \'findReview\', \'review\' => $indexData[\'index_object_id\'] ) )}{{else}}{$objectUrl->setQueryString( array( \'do\' => \'findComment\', \'comment\' => $indexData[\'index_object_id\'] ) )}{{endif}}{{endif}}\' class=\'ipsType_blendLinks\'>
								{{if $indexData[\'index_class\']::$firstCommentRequired}}
									<i class=\'fa fa-comment\'></i> {lang="num_replies" pluralize="$itemData[ $indexData[\'index_class\']::$databasePrefix . $indexData[\'index_class\']::$databaseColumnMap[\'num_comments\'] ] - 1"}
								{{else}}
									<i class=\'fa fa-comment\'></i> {lang="num_comments" pluralize="$itemData[ $indexData[\'index_class\']::$databasePrefix . $indexData[\'index_class\']::$databaseColumnMap[\'num_comments\'] ]"}
								{{endif}}
							</a>
						</li>
					{{endif}}
					{{if isset( $indexData[\'index_class\']::$databaseColumnMap[\'num_reviews\'] ) and isset( $itemData[ $indexData[\'index_class\']::$databasePrefix . $indexData[\'index_class\']::$databaseColumnMap[\'num_reviews\'] ] ) and $itemData[ $indexData[\'index_class\']::$databasePrefix . $indexData[\'index_class\']::$databaseColumnMap[\'num_reviews\'] ]}}
						<li class=\'ipsType_light ipsType_medium\'>
							<a href=\'{$itemUrl}#reviews\' class=\'ipsType_blendLinks\'><i class=\'fa fa-star-half-o\'></i> {lang="num_reviews" pluralize="$itemData[ $indexData[\'index_class\']::$databasePrefix . $indexData[\'index_class\']::$databaseColumnMap[\'num_reviews\'] ]"}</a>
						</li>
					{{endif}}
					{{if \IPS\IPS::classUsesTrait( $indexData[\'index_class\'], \'IPS\Content\Reactable\' ) and settings.reputation_enabled && count( $reactions )}}
						<li>{template="searchReaction" group="search" app="core" params="$reactions, $itemUrl->setQueryString(\'do\', \'showReactions\'), $repCount"}</li>
					{{endif}}
					{{if isset( $indexData[\'index_tags\'] )}}
						<li>{template="tags" group="global" app="core" params="explode( \',\', $indexData[\'index_tags\'] ), true, true"}</li>
					{{endif}}
				</ul>
			{{endif}}
		{{endif}}
	</div>
</li>',
    ),
  ),
), parent::hookData() );
}
/* End Hook Data */


}
]]></hook><hook type="S" class="\IPS\Theme\class_core_front_messaging" filename="messagingHook"><![CDATA[//<?php

/* To prevent PHP errors (extending class does not exist) revealing path */
if ( !defined( '\IPS\SUITE_UNIQUE_KEY' ) )
{
	exit;
}

class hook1179 extends _HOOK_CLASS_
{

/* !Hook Data - DO NOT REMOVE */
public static function hookData() {
 return array_merge_recursive( array (
  'participant' => 
  array (
    0 => 
    array (
      'selector' => 'li.ipsPhotoPanel.ipsPhotoPanel_tiny > div',
      'type' => 'replace',
      'content' => '	<div>
		{{if $map[\'map_user_id\'] == \IPS\Member::loggedIn()->member_id}}
      	    {{$name = \IPS\Member::loggedIn()->name;}}
      	    {{$group = \IPS\Member::loggedIn()->member_group_id;}}
			<strong>{expression="\IPS\Member\Group::load( $group )->formatName( $name )" raw="true"}</strong><br>
		{{elseif !\IPS\Member::load( $map[\'map_user_id\'] )->member_id}}
			{lang="messenger_deleted_member"}<br>
		{{else}}
      		{{$group = \IPS\Member::load( $map[\'map_user_id\'] )->member_group_id;}}
      		{{$name = \IPS\Member::load( $map[\'map_user_id\'] )->name;}}
			<a href=\'#\' id=\'elMessage{$conversation->id}_user{$map["map_user_id"]}\' class=\'cMessage_name\' data-role=\'userActions\' data-username=\'{member="name" id="$map[\'map_user_id\']" }\' data-ipsMenu><strong>
              {expression="\IPS\Member\Group::load( $group )->formatName( $name )" raw="true"} <i class=\'fa fa-caret-down\'></i></strong></a><br>
		{{endif}}
		<span class=\'ipsType_light ipsType_small\' data-role=\'userReadInfo\'>
			{{if $map[\'map_user_banned\']}}
				<span class="ipsType_warning"><i class="fa fa-ban"></i> {lang="messenger_map_removed"}</span>
			{{elseif !$map[\'map_user_active\']}}
				{{if $map[\'map_left_time\']}}{lang="messenger_map_left"}{datetime="$map[\'map_left_time\']"}{{else}}{lang="messenger_map_left_notime"}{{endif}}
			{{elseif \IPS\Member::load( $map[\'map_user_id\'] )->members_disable_pm}}
				<span title=\'{lang="messenger_map_disabled_desc" sprintf="\IPS\Member::load( $map[\'map_user_id\'] )->name"}\' data-ipsTooltip>{lang="messenger_map_disabled"}</span>
			{{else}}
				{{if $map[\'map_read_time\']}}{lang="messenger_map_read"}{datetime="$map[\'map_read_time\']"}{{else}}{lang="messenger_map_not_read"}{{endif}}
			{{endif}}
		</span>',
    ),
  ),
), parent::hookData() );
}
/* End Hook Data */


}
]]></hook><hook type="S" class="\IPS\Theme\class_core_front_global" filename="commentsHook"><![CDATA[//<?php

/* To prevent PHP errors (extending class does not exist) revealing path */
if ( !defined( '\IPS\SUITE_UNIQUE_KEY' ) )
{
	exit;
}

class hook1180 extends _HOOK_CLASS_
{

/* !Hook Data - DO NOT REMOVE */
public static function hookData() {
 return array_merge_recursive( array (
  'comment' => 
  array (
    0 => 
    array (
      'selector' => 'div[data-controller=\'core.front.core.comment\'].ipsComment_content.ipsType_medium > div.ipsComment_header.ipsPhotoPanel.ipsPhotoPanel_mini > div > h3.ipsComment_author.ipsType_blendLinks > strong.ipsType_normal',
      'type' => 'replace',
      'content' => '				<strong class=\'ipsType_normal\'>{template="userLink" app="core" group="global" params="$comment->author(), $comment->warningRef(), TRUE"}</strong>',
    ),
  ),
), parent::hookData() );
}
/* End Hook Data */


}
]]></hook></hooks><tasks/><htmlFiles/><cssFiles/><jsFiles/><resourcesFiles/><versions><version long="10000" human="1.0.0"/><version long="10002" human="2.0.0"><![CDATA[//<?php


/* To prevent PHP errors (extending class does not exist) revealing path */
if ( !defined( '\IPS\SUITE_UNIQUE_KEY' ) )
{
	header( ( isset( $_SERVER['SERVER_PROTOCOL'] ) ? $_SERVER['SERVER_PROTOCOL'] : 'HTTP/1.0' ) . ' 403 Forbidden' );
	exit;
}

/**
 * 2.0.0 Upgrade Code
 */
class ips_plugins_setup_upg_10002
{
	/**
	 * ...
	 *
	 * @return	array	If returns TRUE, upgrader will proceed to next step. If it returns any other value, it will set this as the value of the 'extra' GET parameter and rerun this step (useful for loops)
	 */
	public function step1()
	{
		

		return TRUE;
	}
	
	// You can create as many additional methods (step2, step3, etc.) as is necessary.
	// Each step will be executed in a new HTTP request
}]]></version><version long="10003" human="3.0.0"><![CDATA[//<?php


/* To prevent PHP errors (extending class does not exist) revealing path */
if ( !defined( '\IPS\SUITE_UNIQUE_KEY' ) )
{
	header( ( isset( $_SERVER['SERVER_PROTOCOL'] ) ? $_SERVER['SERVER_PROTOCOL'] : 'HTTP/1.0' ) . ' 403 Forbidden' );
	exit;
}

/**
 * 3.0.0 Upgrade Code
 */
class ips_plugins_setup_upg_10003
{
	/**
	 * ...
	 *
	 * @return	array	If returns TRUE, upgrader will proceed to next step. If it returns any other value, it will set this as the value of the 'extra' GET parameter and rerun this step (useful for loops)
	 */
	public function step1()
	{
		

		return TRUE;
	}
	
	// You can create as many additional methods (step2, step3, etc.) as is necessary.
	// Each step will be executed in a new HTTP request
}]]></version><version long="10004" human="4.0.0"><![CDATA[//<?php


/* To prevent PHP errors (extending class does not exist) revealing path */
if ( !defined( '\IPS\SUITE_UNIQUE_KEY' ) )
{
	header( ( isset( $_SERVER['SERVER_PROTOCOL'] ) ? $_SERVER['SERVER_PROTOCOL'] : 'HTTP/1.0' ) . ' 403 Forbidden' );
	exit;
}

/**
 * 4.0.0 Upgrade Code
 */
class ips_plugins_setup_upg_10004
{
	/**
	 * ...
	 *
	 * @return	array	If returns TRUE, upgrader will proceed to next step. If it returns any other value, it will set this as the value of the 'extra' GET parameter and rerun this step (useful for loops)
	 */
	public function step1()
	{
		

		return TRUE;
	}
	
	// You can create as many additional methods (step2, step3, etc.) as is necessary.
	// Each step will be executed in a new HTTP request
}]]></version><version long="10005" human="5.0.0"><![CDATA[//<?php


/* To prevent PHP errors (extending class does not exist) revealing path */
if ( !defined( '\IPS\SUITE_UNIQUE_KEY' ) )
{
	header( ( isset( $_SERVER['SERVER_PROTOCOL'] ) ? $_SERVER['SERVER_PROTOCOL'] : 'HTTP/1.0' ) . ' 403 Forbidden' );
	exit;
}

/**
 * 5.0.0 Upgrade Code
 */
class ips_plugins_setup_upg_10005
{
	/**
	 * ...
	 *
	 * @return	array	If returns TRUE, upgrader will proceed to next step. If it returns any other value, it will set this as the value of the 'extra' GET parameter and rerun this step (useful for loops)
	 */
	public function step1()
	{
		

		return TRUE;
	}
	
	// You can create as many additional methods (step2, step3, etc.) as is necessary.
	// Each step will be executed in a new HTTP request
}]]></version><version long="10006" human="6.0.0"><![CDATA[//<?php


/* To prevent PHP errors (extending class does not exist) revealing path */
if ( !defined( '\IPS\SUITE_UNIQUE_KEY' ) )
{
	header( ( isset( $_SERVER['SERVER_PROTOCOL'] ) ? $_SERVER['SERVER_PROTOCOL'] : 'HTTP/1.0' ) . ' 403 Forbidden' );
	exit;
}

/**
 * 6.0.0 Upgrade Code
 */
class ips_plugins_setup_upg_10006
{
	/**
	 * ...
	 *
	 * @return	array	If returns TRUE, upgrader will proceed to next step. If it returns any other value, it will set this as the value of the 'extra' GET parameter and rerun this step (useful for loops)
	 */
	public function step1()
	{
		

		return TRUE;
	}
	
	// You can create as many additional methods (step2, step3, etc.) as is necessary.
	// Each step will be executed in a new HTTP request
}]]></version><version long="10007" human="7.0.0"><![CDATA[//<?php


/* To prevent PHP errors (extending class does not exist) revealing path */
if ( !defined( '\IPS\SUITE_UNIQUE_KEY' ) )
{
	header( ( isset( $_SERVER['SERVER_PROTOCOL'] ) ? $_SERVER['SERVER_PROTOCOL'] : 'HTTP/1.0' ) . ' 403 Forbidden' );
	exit;
}

/**
 * 7.0.0 Upgrade Code
 */
class ips_plugins_setup_upg_10007
{
	/**
	 * ...
	 *
	 * @return	array	If returns TRUE, upgrader will proceed to next step. If it returns any other value, it will set this as the value of the 'extra' GET parameter and rerun this step (useful for loops)
	 */
	public function step1()
	{
		

		return TRUE;
	}
	
	// You can create as many additional methods (step2, step3, etc.) as is necessary.
	// Each step will be executed in a new HTTP request
}]]></version><version long="10008" human="8.0.0"><![CDATA[//<?php


/* To prevent PHP errors (extending class does not exist) revealing path */
if ( !defined( '\IPS\SUITE_UNIQUE_KEY' ) )
{
	header( ( isset( $_SERVER['SERVER_PROTOCOL'] ) ? $_SERVER['SERVER_PROTOCOL'] : 'HTTP/1.0' ) . ' 403 Forbidden' );
	exit;
}

/**
 * 8.0.0 Upgrade Code
 */
class ips_plugins_setup_upg_10008
{
	/**
	 * ...
	 *
	 * @return	array	If returns TRUE, upgrader will proceed to next step. If it returns any other value, it will set this as the value of the 'extra' GET parameter and rerun this step (useful for loops)
	 */
	public function step1()
	{
		

		return TRUE;
	}
	
	// You can create as many additional methods (step2, step3, etc.) as is necessary.
	// Each step will be executed in a new HTTP request
}]]></version><version long="10009" human="9.0.0"><![CDATA[//<?php


/* To prevent PHP errors (extending class does not exist) revealing path */
if ( !defined( '\IPS\SUITE_UNIQUE_KEY' ) )
{
	header( ( isset( $_SERVER['SERVER_PROTOCOL'] ) ? $_SERVER['SERVER_PROTOCOL'] : 'HTTP/1.0' ) . ' 403 Forbidden' );
	exit;
}

/**
 * 9.0.0 Upgrade Code
 */
class ips_plugins_setup_upg_10009
{
	/**
	 * ...
	 *
	 * @return	array	If returns TRUE, upgrader will proceed to next step. If it returns any other value, it will set this as the value of the 'extra' GET parameter and rerun this step (useful for loops)
	 */
	public function step1()
	{
		

		return TRUE;
	}
	
	// You can create as many additional methods (step2, step3, etc.) as is necessary.
	// Each step will be executed in a new HTTP request
}]]></version></versions></plugin>
